﻿[
    {
        "id": "",
        "pw": "",
        "setup_place": "경상북도 경산시 대학로 280 영남대학교 기계IT대학 정보통신공학과 303호",
        "setup_day": {
            "year": "2021",
            "month": "6",
            "day": "17",
            "hour": "15",
            "minute": "00",
            "second": "03"
        },
        "display": {
            "width": "500",
            "height": "500"
        },
        "max_brightness": "63",
        "serial": "10000000ce62b965",
        "company_name": "영남대학교 이동통신연구실"
    },
    {
        "id": "1000000063aab834",
        "pw": "303mcl3523",
        "setup_place": "경상북도 포항시 남구 효행길",
        "setup_day": {
            "year": "2021",
            "month": "07",
            "day": "03",
            "hour": "08",
            "minute": "30",
            "second": "12"
        },
        "display": {
            "width": "80",
            "height": "64"
        },
        "max_brightness": "63",
        "serial": "1000000063aab834",
        "company_name": "포항 열린 학교"
    },
    {
        "id": "10000000806938b5",
        "pw": "303mcl3523",
        "setup_place": "대학 ICT 연구센터",
        "setup_day": {
            "year": "2021",
            "month": "6",
            "day": "17",
            "hour": "15",
            "minute": "00",
            "second": "03"
        },
        "display": {
            "width": "80",
            "height": "64"
        },
        "max_brightness": "63",
        "serial": "10000000806938b5",
        "company_name": "Where am I?"
    },
    {
        "id": "",
        "pw": "",
        "setup_place": "포항",
        "setup_day": {
            "year": "2021",
            "month": "3",
            "day": "28",
            "hour": "00",
            "minute": "00",
            "second": "00"
        },
        "display": {
            "width": "80",
            "height": "64"
        },
        "max_brightness": "63",
        "serial": "10000000a71b32fa",
        "company_name": "승호 생일"
    },
    {
        "id": "",
        "pw": "",
        "setup_place": "경상북도 경산시 대학로 280 영남대학교 기계IT대학 정보통신공학과 303호",
        "setup_day": {
            "year": "2021",
            "month": "6",
            "day": "17",
            "hour": "15",
            "minute": "00",
            "second": "03"
        },
        "display": {
            "width": "80",
            "height": "64"
        },
        "max_brightness": "63",
        "serial": "10000000ce62b965",
        "company_name": "영남대학교 이동통신연구실"
    },
    {
        "id": "10000000f36502ca",
        "pw": "303mcl3523",
        "setup_place": "서울특별시",
        "setup_day": {
            "year": "2021",
            "month": "6",
            "day": "17",
            "hour": "15",
            "minute": "00",
            "second": "03"
        },
        "display": {
            "width": "500",
            "height": "500"
        },
        "max_brightness": "63",
        "serial": "10000000f36502ca",
        "company_name": "서울서울서울"
    }
]